Zeitstempel,Bestellnummer,Status
2025-09-28 14:35:25,96,abgeholt
2025-09-28 14:35:01,23,abgeholt
2025-09-28 14:34:41,23,abgeholt
2024-10-06 19:16:42,762,abgeholt
2024-10-06 19:14:34,762,abgeholt
2024-10-06 19:14:06,765,abgeholt
2024-10-06 19:11:35,759,abgeholt
2024-10-06 19:11:29,758,abgeholt
2024-10-06 19:08:10,756,abgeholt
2024-10-06 19:04:03,757,abgeholt
2024-10-06 19:03:31,756,abgeholt
2024-10-06 19:02:59,755,abgeholt
2024-10-06 18:56:54,754,abgeholt
2024-10-06 18:51:30,746,abgeholt
2024-10-06 18:43:16,748,abgeholt
2024-10-06 18:38:48,744,abgeholt
2024-10-06 18:38:09,750,abgeholt
2024-10-06 18:36:37,751,abgeholt
2024-10-06 18:35:51,747,abgeholt
2024-10-06 18:34:35,747,abgeholt
2024-10-06 18:34:11,752,abgeholt
2024-10-06 18:32:20,747,abgeholt
2024-10-06 18:31:33,746,abgeholt
2024-10-06 18:27:54,744,abgeholt
2024-10-06 18:26:09,743,abgeholt
2024-10-06 18:25:08,740,abgeholt
2024-10-06 18:23:52,742,abgeholt
2024-10-06 18:22:08,741,abgeholt
2024-10-06 18:18:02,740,abgeholt
2024-10-06 18:17:25,732,abgeholt
2024-10-06 18:16:42,730,abgeholt
2024-10-06 18:16:17,734,abgeholt
2024-10-06 18:11:12,735,abgeholt
2024-10-06 18:08:59,731,abgeholt
2024-10-06 18:07:24,733,abgeholt
2024-10-06 18:05:26,739,abgeholt
2024-10-06 18:04:52,735,abgeholt
2024-10-06 18:02:52,731,abgeholt
2024-10-06 17:59:53,730,abgeholt
2024-10-06 17:55:12,729,abgeholt
2024-10-06 17:52:42,728,abgeholt
2024-10-06 17:52:09,727,abgeholt
2024-10-06 17:51:31,728,abgeholt
2024-10-06 17:49:52,727,abgeholt
2024-10-06 17:48:43,730,abgeholt
2024-10-06 17:45:29,725,abgeholt
2024-10-06 17:44:58,726,abgeholt
2024-10-06 17:43:31,723,abgeholt
2024-10-06 17:42:58,721,abgeholt
2024-10-06 17:41:25,720,abgeholt
2024-10-06 17:40:29,719,abgeholt
2024-10-06 17:40:23,718,abgeholt
2024-10-06 17:39:57,723,abgeholt
2024-10-06 17:39:12,717,abgeholt
2024-10-06 17:38:58,722,abgeholt
2024-10-06 17:37:53,721,abgeholt
2024-10-06 17:37:46,11721,abgeholt
2024-10-06 17:35:20,714,abgeholt
2024-10-06 17:34:19,719,abgeholt
2024-10-06 17:31:55,716,abgeholt
2024-10-06 17:24:34,711,abgeholt
2024-10-06 17:21:37,709,abgeholt
2024-10-06 17:20:33,712,abgeholt
2024-10-06 17:12:42,708,abgeholt
2024-10-06 17:06:51,697,abgeholt
2024-10-06 17:06:42,697,abgeholt
2024-10-06 17:06:13,705,abgeholt
2024-10-06 17:00:57,703,abgeholt
2024-10-06 16:59:07,696,abgeholt
2024-10-06 16:56:02,8778,abgeholt
2024-10-06 16:55:30,692,abgeholt
2024-10-06 16:54:39,700,abgeholt
2024-10-06 16:54:27,692,abgeholt
2024-10-06 16:53:41,696,abgeholt
2024-10-06 16:53:32,699,abgeholt
2024-10-06 16:52:47,695,abgeholt
2024-10-06 16:50:50,698,abgeholt
2024-10-06 16:49:26,690,abgeholt
2024-10-06 16:48:40,689,abgeholt
2024-10-06 16:46:58,695,abgeholt
2024-10-06 16:44:29,687,abgeholt
2024-10-06 16:43:41,688,abgeholt
2024-10-06 16:41:35,686,abgeholt
2024-10-06 16:41:00,691,abgeholt
2024-10-06 16:39:48,690,abgeholt
2024-10-06 16:39:23,680,abgeholt
2024-10-06 16:35:14,684,abgeholt
2024-10-06 16:35:03,68,abgeholt
2024-10-06 16:32:56,681,abgeholt
2024-10-06 16:32:22,685,abgeholt
2024-10-06 16:30:29,680,abgeholt
2024-10-06 16:26:51,679,abgeholt
2024-10-06 16:25:09,675,abgeholt
2024-10-06 16:16:34,674,abgeholt
2024-10-06 16:12:25,672,abgeholt
2024-10-06 16:11:54,669,abgeholt
2024-10-06 16:07:36,671,abgeholt
2024-10-06 16:03:40,666,abgeholt
2024-10-06 16:03:13,668,abgeholt
2024-10-06 16:02:24,665,abgeholt
2024-10-06 16:00:39,664,abgeholt
2024-10-06 15:59:28,663,abgeholt
2024-10-06 15:57:46,658,abgeholt
2024-10-06 15:57:06,661,abgeholt
2024-10-06 15:54:09,662,abgeholt
2024-10-06 15:52:55,659,abgeholt
2024-10-06 15:51:47,657,abgeholt
2024-10-06 15:46:48,655,abgeholt
2024-10-06 15:44:24,653,abgeholt
2024-10-06 15:39:42,643,abgeholt
2024-10-06 15:39:32,646,abgeholt
2024-10-06 15:36:38,648,abgeholt
2024-10-06 15:35:34,647,abgeholt
2024-10-06 15:34:51,641,abgeholt
2024-10-06 15:31:35,640,abgeholt
2024-10-06 15:30:41,641,abgeholt
2024-10-06 15:29:46,634,abgeholt
2024-10-06 15:29:35,642,abgeholt
2024-10-06 15:28:26,635,abgeholt
2024-10-06 15:26:06,638,abgeholt
2024-10-06 15:25:28,632,abgeholt
2024-10-06 15:24:39,635,abgeholt
2024-10-06 15:24:35,3,abgeholt
2024-10-06 15:22:16,636,abgeholt
2024-10-06 15:21:16,632,abgeholt
2024-10-06 15:19:37,633,abgeholt
2024-10-06 15:18:23,622,abgeholt
2024-10-06 15:17:43,630,abgeholt
2024-10-06 15:17:22,7,abgeholt
2024-10-06 15:14:10,631,abgeholt
2024-10-06 15:12:53,627,abgeholt
2024-10-06 15:09:00,626,abgeholt
2024-10-06 15:08:53,623,abgeholt
2024-10-06 15:08:33,624,abgeholt
2024-10-06 15:06:24,621,abgeholt
2024-10-06 15:06:16,61,abgeholt
2024-10-06 15:05:32,619,abgeholt
2024-10-06 15:03:25,619,abgeholt
2024-10-06 15:02:19,617,abgeholt
2024-10-06 14:59:24,614,abgeholt
2024-10-06 14:59:01,618,abgeholt
2024-10-06 14:57:32,616,abgeholt
2024-10-06 14:55:07,614,abgeholt
2024-10-06 14:54:23,611,abgeholt
2024-10-06 14:53:28,608,abgeholt
2024-10-06 14:53:17,611,abgeholt
2024-10-06 14:52:08,610,abgeholt
2024-10-06 14:51:57,612,abgeholt
2024-10-06 14:51:44,65,abgeholt
2024-10-06 14:50:53,606,abgeholt
2024-10-06 14:50:32,607,abgeholt
2024-10-06 14:49:58,609,abgeholt
2024-10-06 14:49:46,604,abgeholt
2024-10-06 14:48:31,608,abgeholt
2024-10-06 14:48:14,606,abgeholt
2024-10-06 14:46:44,602,abgeholt
2024-10-06 14:43:46,597,abgeholt
2024-10-06 14:43:38,601,abgeholt
2024-10-06 14:42:59,600,abgeholt
2024-10-06 14:42:08,599,abgeholt
2024-10-06 14:40:27,597,abgeholt
2024-10-06 14:39:58,598,abgeholt
2024-10-06 14:37:49,594,abgeholt
2024-10-06 14:37:11,596,abgeholt
2024-10-06 14:34:54,594,abgeholt
2024-10-06 14:34:17,586,abgeholt
2024-10-06 14:33:35,595,abgeholt
2024-10-06 14:32:12,591,abgeholt
2024-10-06 14:29:19,590,abgeholt
2024-10-06 14:29:13,585,abgeholt
2024-10-06 14:29:04,582,abgeholt
2024-10-06 14:28:55,587,abgeholt
2024-10-06 14:27:35,583,abgeholt
2024-10-06 14:26:01,580,abgeholt
2024-10-06 14:25:28,581,abgeholt
2024-10-06 14:24:51,589,abgeholt
2024-10-06 14:18:42,577,abgeholt
2024-10-06 14:17:14,575,abgeholt
2024-10-06 14:17:00,578,abgeholt
2024-10-06 14:16:16,574,abgeholt
2024-10-06 14:16:11,573,abgeholt
2024-10-06 14:11:44,572,abgeholt
2024-10-06 14:09:39,569,abgeholt
2024-10-06 14:07:25,568,abgeholt
2024-10-06 14:07:11,563,abgeholt
2024-10-06 14:06:50,566,abgeholt
2024-10-06 14:06:43,562,abgeholt
2024-10-06 14:06:37,562562,abgeholt
2024-10-06 14:00:56,561,abgeholt
2024-10-06 14:00:27,560,abgeholt
2024-10-06 13:59:09,560,abgeholt
2024-10-06 13:57:20,560,abgeholt
2024-10-06 13:57:12,559,abgeholt
2024-10-06 13:57:04,558,abgeholt
2024-10-06 13:55:53,558,abgeholt
2024-10-06 13:55:30,557,abgeholt
2024-10-06 13:54:18,553,abgeholt
2024-10-06 13:53:57,556,abgeholt
2024-10-06 13:51:56,554,abgeholt
2024-10-06 13:50:42,550,abgeholt
2024-10-06 13:48:00,551,abgeholt
2024-10-06 13:47:10,549,abgeholt
2024-10-06 13:44:57,549,abgeholt
2024-10-06 13:43:16,549,abgeholt
2024-10-06 13:43:08,545,abgeholt
2024-10-06 13:43:02,543,abgeholt
2024-10-06 13:42:41,542,abgeholt
2024-10-06 13:41:12,541,abgeholt
2024-10-06 13:40:46,548,abgeholt
2024-10-06 13:40:26,540,abgeholt
2024-10-06 13:39:37,548,abgeholt
2024-10-06 13:37:07,546,abgeholt
2024-10-06 13:36:49,538,abgeholt
2024-10-06 13:36:03,546,abgeholt
2024-10-06 13:35:08,536,abgeholt
2024-10-06 13:32:39,537,abgeholt
2024-10-06 13:32:33,537,abgeholt
2024-10-06 13:30:33,535,abgeholt
2024-10-06 13:29:21,532,abgeholt
2024-10-06 13:29:17,533,abgeholt
2024-10-06 13:28:38,531,abgeholt
2024-10-06 13:27:51,527,abgeholt
2024-10-06 13:26:29,527,abgeholt
2024-10-06 13:25:26,526,abgeholt
2024-10-06 13:25:22,522,abgeholt
2024-10-06 13:24:44,526,abgeholt
2024-10-06 13:23:34,526,abgeholt
2024-10-06 13:22:12,525,abgeholt
2024-10-06 13:21:32,521,abgeholt
2024-10-06 13:21:23,520,abgeholt
2024-10-06 13:20:51,521,abgeholt
2024-10-06 13:20:07,530,abgeholt
2024-10-06 13:18:57,529,abgeholt
2024-10-06 13:18:45,519,abgeholt
2024-10-06 13:18:42,519,abgeholt
2024-10-06 13:18:09,518,abgeholt
2024-10-06 13:17:04,519,abgeholt
2024-10-06 13:16:46,526,abgeholt
2024-10-06 13:16:08,520,abgeholt
2024-10-06 13:14:12,515,abgeholt
2024-10-06 13:13:39,516,abgeholt
2024-10-06 13:12:39,524,abgeholt
2024-10-06 12:59:17,509,abgeholt
2024-10-06 12:57:59,509,abgeholt
2024-10-06 12:55:40,508,abgeholt
2024-10-06 12:54:11,506,abgeholt
2024-10-06 12:51:29,504,abgeholt
2024-10-06 12:50:24,505,abgeholt
2024-10-06 12:50:09,512,abgeholt
2024-10-06 12:46:43,505,abgeholt
2024-10-06 12:46:03,504,abgeholt
2024-10-06 12:45:21,506,abgeholt
2024-10-06 12:41:43,502,abgeholt
2024-10-06 12:41:09,505,abgeholt
2024-10-06 12:40:58,501,abgeholt
2024-10-06 12:32:06,499,abgeholt
2024-10-06 12:30:46,492,abgeholt
2024-10-06 12:30:34,493,abgeholt
2024-10-06 12:30:14,500,abgeholt
2024-10-06 12:29:05,492,abgeholt
2024-10-06 12:24:03,490,abgeholt
2024-10-06 12:22:15,494,abgeholt
2024-10-06 12:19:24,489,abgeholt
2024-10-06 12:18:10,485,abgeholt
2024-10-06 12:18:03,485,abgeholt
2024-10-06 12:16:47,483,abgeholt
2024-10-06 12:16:00,482,abgeholt
2024-10-06 12:14:08,486,abgeholt
2024-10-06 12:13:59,480,abgeholt
2024-10-06 12:13:27,481,abgeholt
2024-10-06 12:12:24,478,abgeholt
2024-10-06 12:12:15,485,abgeholt
2024-10-06 12:11:15,484,abgeholt
2024-10-06 12:11:08,479,abgeholt
2024-10-06 12:09:59,476,abgeholt
2024-10-06 12:09:03,478,abgeholt
2024-10-06 12:07:26,476,abgeholt
2024-10-06 12:06:55,477,abgeholt
2024-10-06 12:04:27,478,abgeholt
2024-10-06 12:00:47,473,abgeholt
2024-10-06 12:00:41,474,abgeholt
2024-10-06 11:53:09,472,abgeholt
2024-10-06 11:46:23,470,abgeholt
2024-10-06 11:42:53,471,abgeholt
2024-10-06 00:35:02,469,abgeholt
2024-10-06 00:33:40,468,abgeholt
2024-10-06 00:32:55,466,abgeholt
2024-10-06 00:31:23,464,abgeholt
2024-10-06 00:29:59,467,abgeholt
2024-10-05 23:58:10,462,abgeholt
2024-10-05 23:54:09,457,abgeholt
2024-10-05 23:52:26,456,abgeholt
2024-10-05 23:48:20,455,abgeholt
2024-10-05 23:39:52,453,abgeholt
2024-10-05 23:36:39,447,abgeholt
2024-10-05 23:35:35,446,abgeholt
2024-10-05 23:34:31,444,abgeholt
2024-10-05 23:33:10,449,abgeholt
2024-10-05 23:32:34,445,abgeholt
2024-10-05 23:31:43,438,abgeholt
2024-10-05 23:31:39,437,abgeholt
2024-10-05 23:30:52,442,abgeholt
2024-10-05 23:30:00,443,abgeholt
2024-10-05 23:29:49,441,abgeholt
2024-10-05 23:29:07,446,abgeholt
2024-10-05 23:29:04,440,abgeholt
2024-10-05 23:27:58,433,abgeholt
2024-10-05 23:27:20,435,abgeholt
2024-10-05 23:26:00,436,abgeholt
2024-10-05 23:23:44,432,abgeholt
2024-10-05 23:22:13,439,abgeholt
2024-10-05 23:21:42,431,abgeholt
2024-10-05 23:19:30,429,abgeholt
2024-10-05 23:17:57,427,abgeholt
2024-10-05 23:17:15,434,abgeholt
2024-10-05 23:10:24,428,abgeholt
2024-10-05 23:09:14,426,abgeholt
2024-10-05 23:07:59,424,abgeholt
2024-10-05 23:07:53,422,abgeholt
2024-10-05 23:07:16,425,abgeholt
2024-10-05 23:04:38,420,abgeholt
2024-10-05 23:03:12,666,abgeholt
2024-10-05 23:02:57,0,abgeholt
2024-10-05 23:01:10,417,abgeholt
2024-10-05 23:00:36,420,abgeholt
2024-10-05 22:59:42,421,abgeholt
2024-10-05 22:59:35,42,abgeholt
2024-10-05 22:56:40,419,abgeholt
2024-10-05 22:48:41,1,abgeholt
2024-10-05 22:45:01,415,abgeholt
2024-10-05 22:37:46,413,abgeholt
2024-10-05 22:37:07,41,abgeholt
2024-10-05 22:26:47,412,abgeholt
2024-10-05 22:22:41,404,abgeholt
2024-10-05 22:17:33,407,abgeholt
2024-10-05 22:16:11,402,abgeholt
2024-10-05 22:14:39,403,abgeholt
2024-10-05 22:14:14,400,abgeholt
2024-10-05 22:11:52,405,abgeholt
2024-10-05 22:08:47,401,abgeholt
2024-10-05 22:08:21,398,abgeholt
2024-10-05 21:59:11,388,abgeholt
2024-10-05 21:58:06,394,abgeholt
2024-10-05 21:57:38,396,abgeholt
2024-10-05 21:57:09,388,abgeholt
2024-10-05 21:56:37,393,abgeholt
2024-10-05 21:54:04,391,abgeholt
2024-10-05 21:54:01,391,abgeholt
2024-10-05 21:53:30,392,abgeholt
2024-10-05 21:51:29,386,abgeholt
2024-10-05 21:50:36,381,abgeholt
2024-10-05 21:43:06,384,abgeholt
2024-10-05 21:42:57,385,abgeholt
2024-10-05 21:42:21,382,abgeholt
2024-10-05 21:41:35,380,abgeholt
2024-10-05 21:41:20,379,abgeholt
2024-10-05 21:40:46,383,abgeholt
2024-10-05 21:36:29,376,abgeholt
2024-10-05 21:34:39,376,abgeholt
2024-10-05 21:29:44,378,abgeholt
2024-10-05 21:20:39,373,abgeholt
2024-10-05 21:20:34,373,abgeholt
2024-10-05 21:18:49,375,abgeholt
2024-10-05 21:14:37,374,abgeholt
2024-10-05 21:13:26,372,abgeholt
2024-10-05 21:09:52,367,abgeholt
2024-10-05 21:09:27,366,abgeholt
2024-10-05 21:09:24,33,abgeholt
2024-10-05 21:07:24,366,abgeholt
2024-10-05 21:03:19,365,abgeholt
2024-10-05 21:03:11,363,abgeholt
2024-10-05 21:02:16,363,abgeholt
2024-10-05 20:58:07,361,abgeholt
2024-10-05 20:55:42,364,abgeholt
2024-10-05 20:52:53,362,abgeholt
2024-10-05 20:48:22,342,abgeholt
2024-10-05 20:47:08,359,abgeholt
2024-10-05 20:44:43,356,abgeholt
2024-10-05 20:43:33,355,abgeholt
2024-10-05 20:43:07,349,abgeholt
2024-10-05 20:42:57,358,abgeholt
2024-10-05 20:41:50,354,abgeholt
2024-10-05 20:41:12,342,abgeholt
2024-10-05 20:39:23,357,abgeholt
2024-10-05 20:38:54,350,abgeholt
2024-10-05 20:34:28,351,abgeholt
2024-10-05 20:30:42,347,abgeholt
2024-10-05 20:29:57,335,abgeholt
2024-10-05 20:27:55,331,abgeholt
2024-10-05 20:26:40,346,abgeholt
2024-10-05 20:23:13,2,abgeholt
2024-10-05 20:23:00,343,abgeholt
2024-10-05 20:19:52,341,abgeholt
2024-10-05 20:19:19,340,abgeholt
2024-10-05 20:19:15,240,abgeholt
2024-10-05 20:16:37,333,abgeholt
2024-10-05 20:16:10,334,abgeholt
2024-10-05 20:15:42,327,abgeholt
2024-10-05 20:15:01,339,abgeholt
2024-10-05 20:14:25,329,abgeholt
2024-10-05 20:14:11,332,abgeholt
2024-10-05 20:14:00,338,abgeholt
2024-10-05 20:11:29,329,abgeholt
2024-10-05 20:09:16,322,abgeholt
2024-10-05 20:08:05,316,abgeholt
2024-10-05 20:08:03,326,abgeholt
2024-10-05 20:07:00,335,abgeholt
2024-10-05 20:06:36,316,abgeholt
2024-10-05 20:03:53,325,abgeholt
2024-10-05 20:03:15,332,abgeholt
2024-10-05 20:02:34,324,abgeholt
2024-10-05 20:02:12,323,abgeholt
2024-10-05 19:58:48,322,abgeholt
2024-10-05 19:55:35,300,abgeholt
2024-10-05 19:54:33,328,abgeholt
2024-10-05 19:51:47,314,abgeholt
2024-10-05 19:51:24,311,abgeholt
2024-10-05 19:50:11,315,abgeholt
2024-10-05 19:48:36,317,abgeholt
2024-10-05 19:48:08,310,abgeholt
2024-10-05 19:47:16,308,abgeholt
2024-10-05 19:44:46,307,abgeholt
2024-10-05 19:43:57,300,abgeholt
2024-10-05 19:43:07,304,abgeholt
2024-10-05 19:41:42,302,abgeholt
2024-10-05 19:40:11,309,abgeholt
2024-10-05 19:39:18,301,abgeholt
2024-10-05 19:38:36,299,abgeholt
2024-10-05 19:35:59,298,abgeholt
2024-10-05 19:32:30,296,abgeholt
2024-10-05 19:32:15,293,abgeholt
2024-10-05 19:32:08,303,abgeholt
2024-10-05 19:31:51,29,abgeholt
2024-10-05 19:29:50,292,abgeholt
2024-10-05 19:29:42,292292,abgeholt
2024-10-05 19:28:16,291,abgeholt
2024-10-05 19:28:13,290,abgeholt
2024-10-05 19:28:04,294,abgeholt
2024-10-05 19:27:35,285,abgeholt
2024-10-05 19:27:13,289,abgeholt
2024-10-05 19:24:25,288,abgeholt
2024-10-05 19:23:13,281,abgeholt
2024-10-05 19:22:29,272,abgeholt
2024-10-05 19:20:49,287,abgeholt
2024-10-05 19:20:43,286,abgeholt
2024-10-05 19:20:10,284,abgeholt
2024-10-05 19:16:22,283,abgeholt
2024-10-05 19:14:50,282,abgeholt
2024-10-05 19:13:49,280,abgeholt
2024-10-05 19:11:58,268,abgeholt
2024-10-05 19:11:13,278,abgeholt
2024-10-05 19:10:12,276,abgeholt
2024-10-05 19:09:01,273,abgeholt
2024-10-05 19:08:30,277,abgeholt
2024-10-05 19:03:55,271,abgeholt
2024-10-05 19:03:29,273,abgeholt
2024-10-05 19:00:57,270,abgeholt
2024-10-05 19:00:53,1,abgeholt
2024-10-05 18:57:50,267,abgeholt
2024-10-05 18:55:49,265,abgeholt
2024-10-05 18:53:31,263,abgeholt
2024-10-05 18:53:11,261,abgeholt
2024-10-05 18:52:33,264,abgeholt
2024-10-05 18:52:27,266,abgeholt
2024-10-05 18:48:31,257,abgeholt
2024-10-05 18:47:34,260,abgeholt
2024-10-05 18:47:14,259,abgeholt
2024-10-05 18:46:05,258,abgeholt
2024-10-05 18:44:38,256,abgeholt
2024-10-05 18:44:03,262,abgeholt
2024-10-05 18:40:38,253,abgeholt
2024-10-05 18:39:49,252,abgeholt
2024-10-05 18:38:51,255,abgeholt
2024-10-05 18:35:18,251,abgeholt
2024-10-05 18:34:20,255,abgeholt
2024-10-05 18:33:09,246,abgeholt
2024-10-05 18:32:09,247,abgeholt
2024-10-05 18:30:33,245,abgeholt
2024-10-05 18:28:32,284,abgeholt
2024-10-05 18:26:23,244,abgeholt
2024-10-05 18:26:11,244,abgeholt
2024-10-05 18:24:16,1,abgeholt
2024-10-05 18:15:22,240,abgeholt
2024-10-05 18:13:56,222,abgeholt
2024-10-05 18:12:09,231,abgeholt
2024-10-05 18:11:52,229,abgeholt
2024-10-05 18:11:03,226226,abgeholt
2024-10-05 18:10:14,224,abgeholt
2024-10-05 18:09:27,229,abgeholt
2024-10-05 18:08:27,225,abgeholt
2024-10-05 18:05:18,222,abgeholt
2024-10-05 18:05:01,221,abgeholt
2024-10-05 18:01:57,221,abgeholt
2024-10-05 18:01:01,228,abgeholt
2024-10-05 17:58:02,220,abgeholt
2024-10-05 17:56:56,218,abgeholt
2024-10-05 17:54:52,217,abgeholt
2024-10-05 17:53:58,217,abgeholt
2024-10-05 17:52:39,212,abgeholt
2024-10-05 17:52:10,216,abgeholt
2024-10-05 17:51:02,215,abgeholt
2024-10-05 17:50:11,210,abgeholt
2024-10-05 17:48:51,220,abgeholt
2024-10-05 17:48:42,208,abgeholt
2024-10-05 17:48:08,217,abgeholt
2024-10-05 17:47:13,210,abgeholt
2024-10-05 17:46:28,208,abgeholt
2024-10-05 17:45:22,203,abgeholt
2024-10-05 17:44:14,205,abgeholt
2024-10-05 17:42:35,213,abgeholt
2024-10-05 17:41:27,206,abgeholt
2024-10-05 17:40:24,205,abgeholt
2024-10-05 17:39:54,203,abgeholt
2024-10-05 17:38:24,197,abgeholt
2024-10-05 17:37:06,207,abgeholt
2024-10-05 17:36:20,201,abgeholt
2024-10-05 17:36:09,199,abgeholt
2024-10-05 17:36:05,99,abgeholt
2024-10-05 17:35:42,202,abgeholt
2024-10-05 17:35:31,20,abgeholt
2024-10-05 17:35:18,199,abgeholt
2024-10-05 17:34:35,200,abgeholt
2024-10-05 17:33:17,204,abgeholt
2024-10-05 17:31:54,199,abgeholt
2024-10-05 17:30:50,199,abgeholt
2024-10-05 17:29:33,199,abgeholt
2024-10-05 17:28:36,198,abgeholt
2024-10-05 17:26:43,198,abgeholt
2024-10-05 17:23:15,193,abgeholt
2024-10-05 17:22:56,192,abgeholt
2024-10-05 17:21:50,195,abgeholt
2024-10-05 17:21:37,194,abgeholt
2024-10-05 17:20:03,191,abgeholt
2024-10-05 17:14:31,189,abgeholt
2024-10-05 17:11:11,187,abgeholt
2024-10-05 17:09:50,188,abgeholt
2024-10-05 17:09:43,88,abgeholt
2024-10-05 17:09:39,188188,abgeholt
2024-10-05 17:08:44,185,abgeholt
2024-10-05 17:07:59,184,abgeholt
2024-10-05 16:57:14,30,abgeholt
2024-10-05 16:55:32,183,abgeholt
2024-10-05 16:53:30,182,abgeholt
2024-10-05 16:53:26,82,abgeholt
2024-10-05 16:51:05,181,abgeholt
2024-10-05 16:50:48,144,abgeholt
2024-10-05 16:43:47,171,abgeholt
2024-10-05 16:43:39,176,abgeholt
2024-10-05 16:41:20,173,abgeholt
2024-10-05 16:41:13,172,abgeholt
2024-10-05 16:41:00,127,abgeholt
2024-10-05 16:39:41,169,abgeholt
2024-10-05 16:37:47,167,abgeholt
2024-10-05 16:36:19,68,abgeholt
2024-10-05 16:32:18,163,abgeholt
2024-10-05 16:31:55,167,abgeholt
2024-10-05 16:30:57,166,abgeholt
2024-10-05 16:30:16,158,abgeholt
2024-10-05 16:29:27,165,abgeholt
2024-10-05 16:27:58,164,abgeholt
2024-10-05 16:25:18,155,abgeholt
2024-10-05 16:25:08,159,abgeholt
2024-10-05 16:23:59,161,abgeholt
2024-10-05 16:17:06,156,abgeholt
2024-10-05 16:08:55,154,abgeholt
2024-10-05 16:07:55,54,abgeholt
2024-10-05 16:07:51,152,abgeholt
2024-10-05 16:04:00,150,abgeholt
2024-10-05 16:01:41,151,abgeholt
2024-10-05 15:54:24,148,abgeholt
2024-10-05 15:54:09,149,abgeholt
2024-10-05 15:52:47,146,abgeholt
2024-10-05 15:52:41,147,abgeholt
2024-10-05 15:51:38,145,abgeholt
2024-10-05 15:45:46,143,abgeholt
2024-10-05 15:42:43,142,abgeholt
2024-10-05 15:39:13,138,abgeholt
2024-10-05 15:38:38,137,abgeholt
2024-10-05 15:34:38,136,abgeholt
2024-10-05 15:33:18,135,abgeholt
2024-10-05 15:30:52,132,abgeholt
2024-10-05 15:28:13,129,abgeholt
2024-10-05 15:25:47,128,abgeholt
2024-10-05 15:25:22,127,abgeholt
2024-10-05 15:24:45,126,abgeholt
2024-10-05 15:23:55,125,abgeholt
2024-10-05 15:21:52,122,abgeholt
2024-10-05 15:21:03,123,abgeholt
2024-10-05 15:17:02,117,abgeholt
2024-10-05 15:16:18,114,abgeholt
2024-10-05 15:15:01,116,abgeholt
2024-10-05 15:12:54,114,abgeholt
2024-10-05 15:11:35,112,abgeholt
2024-10-05 15:10:45,111,abgeholt
2024-10-05 15:09:02,110,abgeholt
2024-10-05 15:07:56,108,abgeholt
2024-10-05 15:06:34,107,abgeholt
2024-10-05 15:03:32,105,abgeholt
2024-10-05 14:59:13,104,abgeholt
2024-10-05 14:58:20,103,abgeholt
2024-10-05 14:58:08,3,abgeholt
2024-10-05 14:57:05,99,abgeholt
2024-10-05 14:56:30,101,abgeholt
2024-10-05 14:54:49,90,abgeholt
2024-10-05 14:54:43,98,abgeholt
2024-10-05 14:51:12,93,abgeholt
2024-10-05 14:49:49,88,abgeholt
2024-10-05 14:48:20,84,abgeholt
2024-10-05 14:45:42,91,abgeholt
2024-10-05 14:45:29,95,abgeholt
2024-10-05 14:43:13,87,abgeholt
2024-10-05 14:40:40,83,abgeholt
2024-10-05 14:39:14,82,abgeholt
2024-10-05 14:35:20,77,abgeholt
2024-10-05 14:32:33,76,abgeholt
2024-10-05 14:30:55,75,abgeholt
2024-10-05 14:28:45,74,abgeholt
2024-10-05 14:27:29,71,abgeholt
2024-10-05 14:17:50,66,abgeholt
2024-10-05 14:17:13,65,abgeholt
2024-10-05 14:16:20,62,abgeholt
2024-10-05 14:14:00,55,abgeholt
2024-10-05 13:52:07,53,abgeholt
2024-10-05 13:40:53,44,abgeholt
2024-10-05 13:34:43,43,abgeholt
2024-10-05 13:29:56,42,abgeholt
2024-10-05 13:29:53,40,abgeholt
2024-10-05 13:29:43,41,abgeholt
2024-10-05 13:29:07,39,abgeholt
2024-10-05 13:16:13,32,abgeholt
2024-10-05 13:16:09,30,abgeholt
2024-10-05 13:16:03,25,abgeholt
2024-10-05 13:05:41,25,abgeholt
2024-10-05 13:03:43,24,abgeholt
2024-10-05 13:01:33,23,abgeholt
2024-10-05 12:58:53,19,abgeholt
2024-10-05 12:58:49,16,abgeholt
2024-10-05 12:57:32,15,abgeholt
2024-10-05 12:55:48,14,abgeholt
2024-10-05 12:46:10,11,abgeholt
2024-10-05 12:45:26,20,abgeholt
2024-10-05 12:44:49,6,abgeholt
2024-10-05 12:35:44,3,abgeholt
2024-10-05 12:32:24,9,abgeholt
2024-10-05 12:30:57,8,abgeholt
2024-10-05 12:29:28,2,abgeholt
2024-10-05 12:29:25,1,abgeholt
2024-10-05 12:28:44,7,abgeholt
2024-10-05 12:27:17,6,abgeholt
